{"train_loss": 0.6008806824684143, "_step": 399, "_runtime": 13669, "_timestamp": 1609313397, "val_loss": 0.6646089553833008, "eval accuracy": 0.5799999833106995, "epoch": 15}